{"cameraMode":{"drawMode":0,"name":"Shaded","section":"Shading Mode"},"sceneLighting":false,"audioPlay":false,"sceneViewState":{"showFog":true,"showMaterialUpdate":false,"showSkybox":true,"showFlares":true,"showImageEffects":true,"showParticleSystems":true},"in2DMode":false,"pivot":{"x":-2.2932748794555666,"y":1.7376797199249268,"z":-4.57193660736084},"rotation":{"x":-0.03219256550073624,"y":-0.6481519937515259,"z":0.027436314150691034,"w":-0.7603557109832764},"size":4.154918193817139,"orthographic":false}